iteration,mean_reward,policy_loss,value_loss,entropy,seconds
0,-0.03334044368600668,0.011407863348722458,1.7681480646133423,4.256815433502197,2.6049845218658447
1,-0.012219101123595397,0.07870756834745407,1.7449696063995361,4.257115840911865,2.598912239074707
2,-0.03489583333333319,-0.04821742698550224,1.6831166744232178,4.257552623748779,2.533781051635742
3,-0.03511212624584704,0.06913647055625916,1.600382924079895,4.2576680183410645,2.648064374923706
4,-0.0251676245210727,-0.013895474374294281,1.6308283805847168,4.258012294769287,2.521193742752075
5,-0.023706054687499895,-0.011399693787097931,1.598370909690857,4.258253574371338,2.4622814655303955
6,-0.021085858585858444,0.0932832881808281,1.684451699256897,4.258420944213867,2.6977972984313965
7,-0.0019351464435145294,0.042026348412036896,2.0229978561401367,4.258769512176514,2.4155948162078857
8,-0.029405120481927602,-0.0580565482378006,1.1561875343322754,4.259151458740234,2.7208166122436523
9,-0.015388086642599193,0.027975790202617645,1.5463906526565552,4.259393692016602,3.135829210281372
10,-0.04117093373493962,0.019818037748336792,1.0993491411209106,4.2596211433410645,2.945249080657959
11,-0.012871747211895823,0.003480706363916397,1.2572243213653564,4.259881973266602,2.8992536067962646
12,-0.017473591549295685,-0.011889345943927765,1.2167428731918335,4.2601165771484375,2.565263032913208
13,-0.01319444444444434,0.09783581644296646,1.3908321857452393,4.2602996826171875,2.509087324142456
14,-0.010641339869280975,-0.18026168644428253,1.7767921686172485,4.260534286499023,2.6927239894866943
15,-0.00571120689655163,0.011321336030960083,1.58418607711792,4.26056432723999,2.6195781230926514
16,0.002411048689138733,-0.08855892717838287,1.7466835975646973,4.260636806488037,2.5070571899414062
17,-0.0023437499999997948,-0.1482858955860138,1.2482138872146606,4.2606201171875,2.6219406127929688
18,0.016604477611940574,0.09607736766338348,2.2194902896881104,4.260490417480469,2.5134010314941406
19,0.022923951048951355,0.10401425510644913,1.9391343593597412,4.260524272918701,2.656923770904541
20,0.010035211267605962,-0.11144603788852692,1.3131496906280518,4.260646820068359,2.6174449920654297
21,0.005574324324324614,0.012602511793375015,1.0818235874176025,4.260672092437744,2.573493242263794
22,-0.007309322033898201,0.0372406467795372,1.0058519840240479,4.260730743408203,2.6700057983398438
23,0.0013148414985591412,0.08127818256616592,0.9633104801177979,4.260822772979736,2.657017707824707
24,0.014468864468864742,-0.06605333834886551,1.3109058141708374,4.260982990264893,2.5467848777770996
25,0.013636363636363814,-0.04418722540140152,1.3354723453521729,4.261081695556641,2.586141347885132
26,-0.016888297872340387,-0.13046886026859283,0.9677367806434631,4.26112699508667,2.76676869392395
27,-0.005873493975903529,-0.11914703249931335,0.9021701812744141,4.261079788208008,2.7442219257354736
28,0.016853632478632835,0.003120753914117813,1.7641665935516357,4.260965347290039,2.4835519790649414
29,0.00048231511254025303,0.12280957400798798,1.2413907051086426,4.260887145996094,2.626377582550049
30,0.004865771812080637,-0.11641134321689606,1.1788346767425537,4.260901927947998,2.698316812515259
31,-0.00885416666666659,-0.09390132874250412,1.1439807415008545,4.260836124420166,2.7016184329986572
32,-0.010053453947368318,0.023282794281840324,1.1735994815826416,4.260721683502197,2.6636297702789307
33,0.007758620689655353,0.011400258168578148,1.1147453784942627,4.260653972625732,2.589035749435425
34,0.008078063241106936,-0.09266509115695953,1.4338841438293457,4.260604381561279,2.594843864440918
35,0.00813148788927356,-0.06649130582809448,1.2580628395080566,4.260517120361328,2.7216570377349854
36,0.01792452830188707,0.026049986481666565,1.5404250621795654,4.260386943817139,2.6444854736328125
37,0.007388316151202886,-0.07097172737121582,1.1358357667922974,4.26029634475708,2.730323314666748
38,0.023031496062992485,-0.16453061997890472,1.385515809059143,4.260165691375732,2.829664945602417
39,0.00813148788927356,-0.1982308030128479,1.2359989881515503,4.259948253631592,2.69614577293396
40,0.02335526315789506,-0.11880811303853989,1.2223514318466187,4.259641170501709,2.6705689430236816
41,0.012410071942446312,-0.07324854284524918,1.1599633693695068,4.259298801422119,2.7011218070983887
42,0.03573841698841733,0.02386420965194702,1.6241389513015747,4.2589545249938965,2.5808565616607666
43,0.015645559210526582,-0.052332088351249695,1.0296576023101807,4.258670330047607,2.95428204536438
44,-0.0001597444089455048,0.0022268109023571014,0.9613602757453918,4.258390426635742,2.733027219772339
45,0.01081560283687972,0.10839839279651642,1.0786254405975342,4.258147716522217,2.6670639514923096
46,0.012410071942446381,0.05789368972182274,1.147446870803833,4.258006572723389,2.6410815715789795
47,-0.0035493827160492618,0.011716021224856377,0.9419192671775818,4.257924556732178,2.6537058353424072
48,0.02511120996441317,-0.005453523248434067,1.1956874132156372,4.257869720458984,2.6647493839263916
49,0.0203981164383565,0.0459102988243103,1.0885398387908936,4.2578349113464355,2.6745572090148926
50,0.015266393442623259,-0.05571949481964111,1.038038730621338,4.257842540740967,2.7433888912200928
51,0.016027227722772586,-0.004007032141089439,1.0764082670211792,4.257819652557373,2.6956377029418945
52,0.025111209964413163,-0.0848756730556488,1.3041716814041138,4.257802486419678,2.661789894104004
53,0.026461330935252155,-0.029288318008184433,1.2486422061920166,4.257736682891846,2.665273904800415
54,0.02723941368078211,-0.05265789106488228,1.0818471908569336,4.257667064666748,2.6950254440307617
55,0.024402866242038412,-0.0748341754078865,1.268619179725647,4.257578372955322,2.83034348487854
56,0.021228448275862316,0.021400826051831245,1.2814515829086304,4.25745964050293,2.6587648391723633
57,-0.00020529197080277391,-0.04078212380409241,1.2267142534255981,4.257380962371826,2.7288920879364014
58,0.03316761363636401,-0.06898237764835358,1.349008321762085,4.257290363311768,2.6182312965393066
59,-0.0035493827160492965,-0.046204034239053726,0.8805347681045532,4.257175922393799,2.8305559158325195
60,0.007183689024390349,0.05677933990955353,0.9112542867660522,4.25705099105835,2.8715100288391113
61,0.036582167832168194,-0.10109104216098785,1.297598958015442,4.256986141204834,2.628657341003418
62,0.030643812709030445,-0.11448843032121658,1.1576159000396729,4.256860256195068,2.697381019592285
63,0.03895750988142328,-0.05123936012387276,1.6069629192352295,4.256680965423584,2.6653711795806885
64,0.014889705882353239,-0.02453351393342018,1.0636578798294067,4.256496429443359,2.940737009048462
65,0.031180037313433204,0.08054313063621521,1.4984519481658936,4.256322860717773,2.6084938049316406
66,0.03786764705882389,-0.11058628559112549,1.4940701723098755,4.2562336921691895,2.5781424045562744
67,0.004515050167224198,0.027005672454833984,1.0318292379379272,4.25609016418457,2.736907958984375
68,0.0316713483146071,0.08680181950330734,1.46989107131958,4.255988597869873,2.8431296348571777
69,0.007020547945205591,0.0021314211189746857,1.1161792278289795,4.255970478057861,2.758040189743042
70,0.0292509191176474,-0.06582217663526535,1.4373964071273804,4.255960941314697,2.651167392730713
71,0.019987201365188046,0.06773063540458679,1.0956153869628906,4.255917072296143,2.7639682292938232
72,0.011607142857143095,-0.011811282485723495,0.9129608273506165,4.255943775177002,2.7454023361206055
73,0.006212235649547088,-0.0442475900053978,0.9209945797920227,4.25596809387207,2.7344064712524414
74,0.03516435986159205,0.033019814640283585,1.18833589553833,4.25596809387207,2.6998865604400635
75,0.04414206642066456,-0.1208258867263794,1.4679501056671143,4.255998134613037,2.681400775909424
76,0.03385903426791311,-0.20627307891845703,1.0926250219345093,4.255946636199951,2.720052480697632
77,0.0512984154929581,0.007449261844158173,1.458006739616394,4.25576639175415,2.6465518474578857
78,0.02723941368078211,0.0018637403845787048,0.9843047261238098,4.255619525909424,2.6925504207611084
79,0.01232028753993644,-0.005077637732028961,1.497898817062378,4.255500793457031,2.811436653137207
80,0.043612132352941514,-0.00209929421544075,1.3720546960830688,4.255403518676758,2.899904727935791
81,0.039508928571428924,-0.08754289150238037,1.3009096384048462,4.255321025848389,2.701733350753784
82,0.02849506578947402,0.04653927683830261,1.0671935081481934,4.255195617675781,2.9116101264953613
83,0.020936532507740163,0.029712717980146408,0.9335830211639404,4.255131244659424,2.8213002681732178
84,0.04256386861313905,-0.005931343883275986,1.3520615100860596,4.255107402801514,2.7152304649353027
85,0.023355263157895094,-0.06174334138631821,1.1080043315887451,4.255092620849609,2.7490475177764893
86,0.0471532534246579,-0.07500053942203522,1.260141134262085,4.255046844482422,2.769216775894165
87,-0.0020717270194983662,-0.09704260528087616,1.1970555782318115,4.254964828491211,2.864816665649414
88,-0.0031508264462809426,0.10364069044589996,0.8485707640647888,4.254833698272705,2.7983286380767822
89,0.02830748175182518,0.016283772885799408,1.2525122165679932,4.254800796508789,2.6320061683654785
90,0.021690031152648302,0.06315936148166656,0.9897699952125549,4.254794597625732,2.753328561782837
91,0.041811056105610915,-0.1266421228647232,1.3172889947891235,4.254842281341553,2.831009864807129
92,0.07045454545454544,-0.028358228504657745,1.9040381908416748,4.25480318069458,2.5362696647644043
93,0.0368431528662424,0.08666310459375381,0.9861916303634644,4.254760265350342,2.734830141067505
94,0.056250000000000355,-0.07832500338554382,1.6439365148544312,4.254790782928467,2.5942232608795166
95,0.07361111111111088,-0.09801264107227325,1.864833116531372,4.254771709442139,2.5514540672302246
96,0.0021984011627909886,-0.17619654536247253,1.377855896949768,4.254697322845459,2.8488452434539795
97,0.030692379182156074,-0.024891778826713562,2.511291265487671,4.254518508911133,2.6123666763305664
98,0.011607142857143185,-0.0389828234910965,2.7356159687042236,4.254350185394287,2.5857460498809814
99,0.030643812709030445,-0.020405208691954613,1.9229851961135864,4.254186153411865,2.6713943481445312
100,0.06837284482758531,-0.02556159347295761,2.431173086166382,4.254032135009766,2.643709897994995
101,0.056772575250836406,-0.15558651089668274,1.4784159660339355,4.253886699676514,2.654409646987915
102,-0.011794354838709439,0.05178244784474373,2.137998342514038,4.253661632537842,2.720633029937744
103,0.053789370078740344,0.02409406006336212,1.8147740364074707,4.253501892089844,2.733698844909668
104,0.029423945783132885,-0.03699478134512901,0.8723034858703613,4.253383636474609,2.695747137069702
105,0.008131487889273675,-0.0800381600856781,2.1218225955963135,4.253262042999268,2.7157931327819824
106,0.036582167832168076,-0.09857381880283356,2.062248706817627,4.253106594085693,2.6985507011413574
107,0.016411423841059897,0.03499221429228783,2.316183090209961,4.252910137176514,2.7655060291290283
108,0.04361213235294122,-0.14238837361335754,2.1964213848114014,4.252765655517578,2.818941354751587
109,0.00926573426573434,-0.15190806984901428,3.1670684814453125,4.252547740936279,2.7431392669677734
110,0.013774271844660539,0.07378800213336945,1.81535005569458,4.252254962921143,2.764981508255005
111,0.05219155844155881,0.03355571627616882,1.2891311645507812,4.25205659866333,2.731275796890259
112,0.003476821192053254,-0.07525737583637238,2.545309066772461,4.251911640167236,2.747673988342285
113,0.031180037313433204,-0.01970577985048294,1.6409838199615479,4.251739501953125,2.6496832370758057
114,0.02966804979253116,0.01669156365096569,2.5361874103546143,4.251582622528076,2.765873908996582
115,0.013224637681159767,-0.08322224766016006,2.146972417831421,4.25146484375,3.0607972145080566
116,0.05129841549295775,-0.0298912450671196,1.9855191707611084,4.25131368637085,3.240069627761841
117,0.02081185567010315,-0.014675766229629517,2.5741147994995117,4.25116491317749,2.8302161693573
118,0.027377717391304693,0.07032062858343124,1.8218622207641602,4.2510294914245605,2.7458393573760986
119,0.01718750000000037,-0.0018610786646604538,1.676133155822754,4.250965118408203,2.7033867835998535
120,0.01792452830188699,-0.0964278131723404,2.6341538429260254,4.250916004180908,2.7227747440338135
121,-0.00945778145695339,0.030405111610889435,2.1834423542022705,4.250816822052002,2.671494722366333
122,-0.00968208092485523,0.036162108182907104,1.965756893157959,4.250757694244385,2.780634641647339
123,0.0237896126760566,0.06513787060976028,2.1133105754852295,4.250739574432373,2.616861581802368
124,0.012680288461538805,-0.05570824444293976,1.4326505661010742,4.250776767730713,2.691074848175049
125,0.0055743243243246456,-0.050950996577739716,1.9791381359100342,4.250783920288086,2.6813149452209473
126,0.020811855670103414,0.11700963973999023,1.9151721000671387,4.250767230987549,2.781691074371338
127,0.014889705882353287,-0.11796537041664124,1.7303745746612549,4.250838756561279,2.823287010192871
128,-0.01374211356466854,-0.017324328422546387,1.9550080299377441,4.250833511352539,2.6887314319610596
129,-0.00824244966442927,-0.019013546407222748,2.2403578758239746,4.250827312469482,2.772270441055298
130,0.0041666666666669815,0.1285012662410736,1.6284348964691162,4.250816822052002,2.6242642402648926
131,0.01660447761194063,-0.15511861443519592,2.0265958309173584,4.250911235809326,2.614354372024536
132,-0.005384948096885544,-0.11086428165435791,1.8819425106048584,4.25089693069458,2.9697425365448
133,-0.0011075949367085754,0.05944649130105972,1.6691173315048218,4.250814437866211,2.8972253799438477
134,-0.014013364779873977,-0.001910615712404251,1.6427545547485352,4.250785827636719,2.951435089111328
135,0.010035211267605657,0.028960872441530228,2.70823335647583,4.250772953033447,2.90136456489563
136,-0.021350671140939373,-0.07385518401861191,1.8185080289840698,4.250795364379883,2.8627593517303467
137,-0.003378975265017446,0.036543264985084534,2.4374642372131348,4.25077486038208,2.7547216415405273
138,-0.02415048543689298,0.1222645491361618,1.848362922668457,4.250792980194092,2.8311703205108643
139,0.002411048689138875,-0.04012148454785347,1.9549705982208252,4.250904083251953,2.686382532119751
140,-0.019181034482758402,-0.07469286769628525,1.801930546760559,4.250986576080322,2.780566692352295
141,-0.0205508474576269,0.25052380561828613,2.2343382835388184,4.25101900100708,2.6962621212005615
142,-0.005056423611110841,0.0730036273598671,1.948026418685913,4.251232147216797,2.7240982055664062
143,0.005574324324324583,0.10216400772333145,2.5101518630981445,4.25148344039917,2.801867723464966
144,-0.010932410423452525,0.004076411947607994,1.6788172721862793,4.251785755157471,2.686918020248413
145,-0.026985981308410997,-0.016068967059254646,1.9332447052001953,4.252074718475342,2.709307909011841
146,-0.001993727598566035,-0.12453874945640564,2.1599528789520264,4.252334117889404,2.686631441116333
147,-0.019734589041095665,-0.17054453492164612,1.8957542181015015,4.252492904663086,2.7650132179260254
148,-0.0043924825174822815,0.0520985871553421,2.906519651412964,4.252529621124268,2.6686580181121826
149,0.010035211267605914,-0.08402542769908905,2.8440804481506348,4.25260591506958,2.7469232082366943
150,-0.014772727272727043,0.02571486122906208,1.6087815761566162,4.252624988555908,2.555767774581909
151,-0.02161371237458172,0.10165776312351227,1.5504895448684692,4.252670764923096,2.7353343963623047
152,-0.016123466257668487,-0.01147117093205452,1.560551643371582,4.25278902053833,2.827570676803589
153,-0.014013364779873977,0.015128226950764656,1.8271842002868652,4.252899646759033,2.7360503673553467
154,-0.0205508474576269,0.05616630241274834,1.4483705759048462,4.253016948699951,2.7005035877227783
155,-0.015388086642599058,-0.08332713693380356,1.8877036571502686,4.253171443939209,2.6507744789123535
156,-0.011508899676375162,0.12962032854557037,1.7052491903305054,4.2532639503479,2.703216552734375
157,-0.012219101123595302,-0.05172766372561455,2.4012820720672607,4.253444194793701,2.667459726333618
158,-0.03170891608391586,0.04238517954945564,1.8052724599838257,4.253581523895264,2.683431625366211
159,-0.016294642857142633,0.06002268195152283,1.5312124490737915,4.2537455558776855,2.6405487060546875
160,-0.01861979166666644,0.033138878643512726,1.9345499277114868,4.253943920135498,2.707674264907837
161,-0.01287174721189567,-0.07997030019760132,2.031479835510254,4.25415563583374,2.591367483139038
162,0.009265734265734597,-0.0782468318939209,2.030972480773926,4.254299640655518,2.76015043258667
163,0.004765325670498248,0.1259607970714569,2.488466262817383,4.2543864250183105,2.6556718349456787
164,0.007388316151202955,0.00025412067770957947,2.251563310623169,4.254551410675049,2.8463096618652344
165,-0.005873493975903399,0.051873091608285904,2.1594467163085938,4.254711627960205,2.656954050064087
166,0.002796052631579247,0.061336152255535126,1.9531445503234863,4.25490140914917,2.67718505859375
167,0.0017915309446256992,0.03670637309551239,2.07619571685791,4.255122661590576,2.673959255218506
168,-0.02187499999999977,0.024174988269805908,1.2403513193130493,4.2553534507751465,2.6547210216522217
169,-0.014772727272727043,-0.045446764677762985,2.194640636444092,4.255588054656982,2.6236789226531982
170,-0.006357020547944938,-0.03777124732732773,2.1133992671966553,4.255778789520264,2.750948190689087
171,-0.012639776357827238,0.01988665945827961,1.730717420578003,4.255935192108154,2.755789041519165
172,-0.001993727598566028,-0.05290723592042923,1.5082873106002808,4.2560954093933105,2.6097757816314697
173,-0.020280612244897744,-0.10855531692504883,1.78975510597229,4.256214618682861,2.69907808303833
174,-0.0273931226765797,-0.017510490491986275,1.8133509159088135,4.256262302398682,2.5867161750793457
175,-0.0016411870503594372,-0.16214561462402344,1.9425357580184937,4.2563042640686035,2.629437208175659
176,-0.02161371237458172,0.05940912663936615,1.669372320175171,4.256242752075195,2.706530809402466
177,-0.005711206896551459,-0.010710135102272034,2.2266125679016113,4.25623893737793,2.7444515228271484
178,-0.01776315789473662,0.06610438227653503,1.6878143548965454,4.256236553192139,2.6443371772766113
179,-0.014772727272727043,-0.015700239688158035,1.6924841403961182,4.256289958953857,2.617974281311035
180,-0.019101331360946522,0.03575294464826584,1.6964317560195923,4.256337642669678,2.805250644683838
181,-0.026297169811320527,-0.07384688407182693,1.4924105405807495,4.256415843963623,2.8497064113616943
182,-0.00020529197080262646,-0.1794547289609909,1.936950922012329,4.256446838378906,2.6565279960632324
183,-0.03288230240549806,-0.14857639372348785,1.6527656316757202,4.256364822387695,2.7548956871032715
184,-0.025830696202531422,0.03182484209537506,1.5129868984222412,4.256201267242432,2.7913012504577637
185,-0.02187499999999977,-0.08625401556491852,2.059481620788574,4.2560858726501465,2.7032430171966553
186,0.0008064516129035123,0.04635411500930786,2.2172372341156006,4.25593376159668,2.6590416431427
187,-0.00405701754385943,-0.09800823777914047,2.2363619804382324,4.255839824676514,2.6682708263397217
188,-0.012359775641025394,0.11436694860458374,1.7694382667541504,4.2556986808776855,2.7684502601623535
189,-0.015081521739130205,-0.12563984096050262,1.543068528175354,4.25565767288208,2.6853318214416504
190,-0.018050699300699073,-0.03842606768012047,1.6155213117599487,4.255547046661377,2.6952548027038574
191,-0.008242449664429283,0.06085611507296562,1.641266107559204,4.255431652069092,2.6618454456329346
192,-0.006994047619047382,-0.026945602148771286,1.5953575372695923,4.255378246307373,2.7489702701568604
193,-0.005056423611110827,0.10179275274276733,1.7715879678726196,4.25532341003418,2.6853156089782715
194,-0.008854166666666403,0.09092699736356735,1.7946406602859497,4.255350589752197,2.834909677505493
195,-0.01383272058823507,0.08210095763206482,1.322596788406372,4.255448818206787,2.821730613708496
196,-0.026064668769715867,0.047181084752082825,1.6776916980743408,4.255603313446045,2.678696632385254
197,-0.001286101083032247,-0.09390851855278015,2.5023326873779297,4.25577974319458,2.6294095516204834
198,0.0016496282527884041,0.089017853140831,1.7598110437393188,4.255889415740967,2.664581298828125
199,-0.016592526690391234,-0.00809478759765625,1.6640570163726807,4.256058216094971,2.664147138595581
200,-0.011508899676375162,0.024771947413682938,1.2517584562301636,4.256216526031494,2.8427493572235107
201,-0.023904220779220553,-0.09540195018053055,1.2532577514648438,4.256385326385498,2.8242907524108887
202,0.010424028268551568,0.026975590735673904,1.3529841899871826,4.2564849853515625,2.9365477561950684
203,-0.005384948096885544,-0.0642981007695198,1.4396355152130127,4.256601810455322,2.8645482063293457
204,-0.014550781249999771,0.03884543105959892,1.3515664339065552,4.256673812866211,3.081632614135742
205,-0.01776315789473662,-0.0832357332110405,1.1766767501831055,4.256774425506592,2.8737199306488037
206,-0.015081521739130205,0.05195102095603943,1.2456839084625244,4.256818771362305,2.89882755279541
207,-0.005711206896551459,0.0051579549908638,1.4630581140518188,4.256902694702148,2.890023708343506
208,-0.0033789752650173906,0.08363191783428192,1.5283432006835938,4.256991863250732,2.8697330951690674
209,-0.025358280254776842,0.05591847747564316,1.204630732536316,4.257136821746826,2.8428092002868652
210,-0.020008532423207964,0.0724901556968689,1.5004664659500122,4.2573161125183105,2.7595903873443604
211,-0.014772727272727043,-0.10675098747015,1.6967777013778687,4.257537364959717,2.592134475708008
212,-0.011221590909090674,0.1193227767944336,1.7237799167633057,4.2576727867126465,2.5049240589141846
213,-0.019734589041095665,0.06280460953712463,1.4697165489196777,4.2578816413879395,2.6427037715911865
214,-0.02511980830670904,0.04752789065241814,1.5655118227005005,4.258121967315674,2.7639193534851074
215,-0.003250773993807765,-0.03279634192585945,1.5087260007858276,4.25838041305542,2.8412764072418213
216,-0.01221910112359526,-0.03769788146018982,1.3816275596618652,4.258601665496826,2.8027703762054443
217,-0.005711206896551452,0.01488601416349411,1.2398228645324707,4.258785247802734,2.762704849243164
218,-0.010201149425287121,-0.061138831079006195,1.2244473695755005,4.258970260620117,2.714465379714966
219,0.017041198501873016,0.10560257732868195,1.3027127981185913,4.259105205535889,2.59981632232666
220,-0.003719190140844794,-0.06875303387641907,1.2906991243362427,4.259308338165283,2.595139503479004
221,0.0031839622641511864,-0.02311713993549347,1.289780616760254,4.259452819824219,2.6964328289031982
222,-0.00439248251748224,0.020903492346405983,1.162042498588562,4.259576797485352,2.6470324993133545
223,-0.014772727272727043,0.14197741448879242,1.214841604232788,4.259711742401123,2.5844969749450684
224,-0.02000853242320797,0.05693909898400307,1.1788623332977295,4.259939193725586,2.7388062477111816
225,0.007230392156863014,0.014216629788279533,1.7077250480651855,4.260193347930908,2.674596071243286
226,-0.003719190140844801,-0.06578335911035538,1.46625554561615,4.260444164276123,2.711402416229248
227,-0.012077974276527095,0.04681364446878433,1.2232656478881836,4.260635852813721,2.7479357719421387
228,-0.01918103448275841,0.033104635775089264,1.5490431785583496,4.2608489990234375,2.7091264724731445
229,-0.01122159090909066,-0.013774203136563301,1.282160758972168,4.261072635650635,2.6644396781921387
230,-0.005056423611110841,0.017437554895877838,1.2752244472503662,4.261275768280029,2.641265869140625
231,-0.008242449664429283,-0.21103204786777496,1.2839937210083008,4.261478900909424,2.667057514190674
232,-0.008854166666666403,0.06884117424488068,1.1197504997253418,4.261531352996826,2.671600103378296
233,-0.0012861010830322124,-0.12097301334142685,1.554025650024414,4.261632442474365,2.710984945297241
234,-0.03226156069364139,0.007542511448264122,1.686373233795166,4.261651992797852,2.810126781463623
235,0.006811523437500281,-0.09542938321828842,1.5415198802947998,4.261684894561768,2.6323702335357666
236,0.0016496282527883972,0.03495282679796219,1.2433022260665894,4.261662006378174,2.79272723197937
237,-0.01718197879858635,-0.08044811338186264,1.296875,4.261676788330078,2.86248779296875
238,-0.004725609756097295,-0.012998845428228378,1.2932109832763672,4.261643886566162,2.9711973667144775
239,-0.024395161290322355,-0.06197565048933029,0.9535368084907532,4.261617183685303,3.160784959793091
240,0.002028917910448066,-0.024559857323765755,1.4493556022644043,4.261560440063477,2.8953216075897217
241,-0.005384948096885544,-0.07544814050197601,1.4188028573989868,4.261503219604492,2.938396692276001
242,-0.012639776357827238,0.050220102071762085,1.2269741296768188,4.26140832901001,2.965012550354004
243,0.004365458015267455,0.09802555292844772,1.2119371891021729,4.2613677978515625,2.925034284591675
244,-0.036586850649350425,-0.13710156083106995,1.4551715850830078,4.261406421661377,2.8858513832092285
245,-0.00439248251748224,0.009108509868383408,1.0718178749084473,4.261360168457031,2.7576963901519775
246,-0.018619791666666434,0.1285017877817154,1.1497372388839722,4.26133394241333,2.825530767440796
247,-0.019181034482758402,-0.06118832156062126,1.0912697315216064,4.261409282684326,2.94343638420105
248,-0.0040570175438593885,0.05850588530302048,1.395632266998291,4.261444568634033,2.8913614749908447
249,-0.011556603773584662,0.05750083178281784,1.3000835180282593,4.2615275382995605,2.9486448764801025
250,-0.02583069620253143,-0.05755067989230156,1.15022873878479,4.26165246963501,2.895223379135132
251,-0.020819256756756527,0.015613872557878494,1.2657544612884521,4.26173734664917,2.668454885482788
252,-0.010348360655737455,-0.013828489929437637,1.3485018014907837,4.261833667755127,2.791896343231201
253,-0.0017295597484273842,-0.057811591774225235,1.8249549865722656,4.261921405792236,2.825150728225708
254,-0.004725609756097295,0.04791003838181496,1.0097631216049194,4.261973857879639,2.6696252822875977
255,-0.02415048543689298,0.002834746614098549,1.3818321228027344,4.2620625495910645,2.7631032466888428
256,-0.02415048543689298,0.01892618089914322,1.0426743030548096,4.2621541023254395,2.8351550102233887
257,0.007020547945205799,0.10244029760360718,1.6245421171188354,4.2622599601745605,2.8215646743774414
258,-0.03379237288135571,0.1157115027308464,1.1074955463409424,4.262434005737305,2.7936840057373047
259,-0.003719190140844794,-0.017304085195064545,1.1379010677337646,4.262679576873779,2.7423665523529053
260,0.006655290102389378,-0.11325264722108841,1.2299357652664185,4.262897968292236,2.8134007453918457
261,-0.020008532423207978,-0.08414828777313232,1.0843634605407715,4.263027667999268,2.8356430530548096
262,-0.020280612244897744,0.013015247881412506,1.2636630535125732,4.263098239898682,2.932339668273926
263,-0.02213455149501639,0.005311015993356705,1.255012035369873,4.263180255889893,2.797058343887329
264,-0.03206521739130412,0.03453323245048523,1.415371060371399,4.263269424438477,2.9697535037994385
265,-0.02766203703703682,0.036377694457769394,1.2341121435165405,4.2633819580078125,2.776869058609009
266,-0.003378975265017474,0.13975206017494202,1.4883744716644287,4.263518810272217,2.7243094444274902
267,0.007388316151202969,-0.07803164422512054,1.5699167251586914,4.263743877410889,2.8909060955047607
268,-0.0038461538461535714,-0.11079771816730499,1.38007652759552,4.2639031410217285,2.935478925704956
269,-0.004725609756097295,0.10161147266626358,1.2768135070800781,4.263981342315674,2.8955461978912354
270,-0.0030363475177302285,0.0653737336397171,1.0165321826934814,4.264132976531982,2.812701940536499
271,-0.01747359154929555,-0.043276309967041016,1.1623799800872803,4.2643208503723145,2.8682608604431152
272,-0.004141104294478251,-0.16900905966758728,0.8584145903587341,4.264472961425781,2.905754804611206
273,-0.04117093373493953,-0.11872503906488419,1.191341757774353,4.264504909515381,2.895132303237915
274,0.006811523437500225,0.09462562203407288,1.1724385023117065,4.264463424682617,2.86948299407959
275,0.005574324324324555,-0.10720723867416382,1.4252657890319824,4.264501571655273,2.7716822624206543
276,-0.012546641791044533,-0.0531989261507988,1.7080401182174683,4.264472961425781,2.859409809112549
277,-0.02982784431137702,-0.08283470571041107,1.0511139631271362,4.264421463012695,2.888949394226074
278,-0.03423821548821526,0.12673319876194,1.257992148399353,4.264328479766846,2.8266477584838867
279,-0.019458762886597716,-0.036100126802921295,1.4724479913711548,4.264339447021484,2.9721004962921143
280,0.011607142857143192,-0.005878478288650513,1.9389992952346802,4.264337539672852,3.101456642150879
281,-0.012546641791044574,-0.008118491619825363,1.6871094703674316,4.264342784881592,2.8398540019989014
282,-0.014816978193146197,-0.06853540241718292,1.7359139919281006,4.264350414276123,2.769305467605591
283,-0.023656351791530722,-0.06829819083213806,1.4319401979446411,4.264321804046631,2.7615604400634766
284,-0.006357020547944938,0.1581159383058548,1.4715964794158936,4.2642598152160645,2.733153820037842
285,-0.02161371237458172,0.030072011053562164,1.3168648481369019,4.2643208503723145,2.764658212661743
286,0.022070312500000265,0.0018586218357086182,2.0896902084350586,4.264406204223633,2.6855108737945557
287,-0.0030363475177302285,-0.07442609965801239,0.9455844163894653,4.264495372772217,2.7881078720092773
288,0.009265734265734597,-0.022407151758670807,0.9996416568756104,4.2645344734191895,2.752326726913452
289,-0.026064668769715867,0.10328339785337448,1.1865103244781494,4.2645649909973145,2.781208038330078
290,-0.038387223974763185,0.13759085536003113,1.1387629508972168,4.264674663543701,2.868396759033203
291,-0.01918103448275839,-0.1672084629535675,1.1724364757537842,4.2648749351501465,2.7071895599365234
292,0.01299070247933871,0.09468857198953629,1.6977863311767578,4.264953136444092,2.8658788204193115
293,-0.019181034482758402,0.05312738195061684,1.2340110540390015,4.2650980949401855,2.6963284015655518
294,-0.014148351648351425,-0.05923965200781822,1.3617442846298218,4.265273571014404,2.6415746212005615
295,-0.027212732919254433,-0.04305903613567352,1.1668602228164673,4.265401363372803,2.7209692001342773
296,-0.004725609756097295,-0.14420224726200104,1.1662241220474243,4.265498638153076,2.76460599899292
297,-0.0012861010830322124,0.049459509551525116,1.270906686782837,4.265499114990234,2.7437479496002197
298,0.008131487889273675,-0.11916837841272354,1.6052995920181274,4.2655415534973145,2.6728310585021973
299,-0.014816978193146197,0.002758864313364029,1.3537983894348145,4.2655110359191895,2.9017415046691895
300,-0.006994047619047368,0.07598678767681122,1.115783929824829,4.265495300292969,2.7450289726257324
301,0.007230392156862973,-0.05156182497739792,1.342334508895874,4.2655415534973145,2.8357136249542236
302,-0.037798566878980665,-0.10668380558490753,1.1460200548171997,4.265560150146484,2.908437728881836
303,-0.003719190140844794,-0.017583169043064117,1.3209774494171143,4.265514850616455,2.746427059173584
304,-0.015081521739130205,-0.06048208102583885,1.487860083580017,4.265474796295166,2.63934063911438
305,-0.013514760147601241,-0.05329905450344086,1.1938121318817139,4.265408039093018,2.60451602935791
306,0.007652559055118148,-0.028379499912261963,1.6974128484725952,4.265323162078857,2.8196804523468018
307,-0.014816978193146197,-0.09858068823814392,1.001267910003662,4.265237808227539,2.7526676654815674
308,-0.01688829787234021,0.007508996874094009,1.6869863271713257,4.265104293823242,2.7085113525390625
309,-0.0005681818181815291,-0.0058782584965229034,1.1313025951385498,4.264998912811279,2.5292694568634033
310,-0.004392482517482254,0.08563242852687836,1.1233360767364502,4.264908313751221,2.661186933517456
311,-0.003250773993807765,0.07861656695604324,1.0583934783935547,4.264894962310791,2.744786024093628
312,-0.0073093220338980485,-0.06225608289241791,1.213981032371521,4.264945983886719,2.9073495864868164
313,-0.01663490853658514,-0.07418904453516006,1.1713193655014038,4.264961242675781,2.635559320449829
314,0.026008064516128623,-0.02271346189081669,2.8584089279174805,4.264932632446289,2.550222158432007
315,-0.02000853242320797,-0.07573201507329941,1.2311707735061646,4.264902114868164,2.681678295135498
316,-0.006994047619047368,0.007113039493560791,1.090705156326294,4.264833450317383,2.711137533187866
317,-0.02487980769230745,-0.06352893263101578,1.0278124809265137,4.264786243438721,2.678330183029175
318,-0.01599462365591376,0.006984192878007889,1.05124831199646,4.264712810516357,2.6726417541503906
319,-0.009756600660065756,0.021729573607444763,0.7563889026641846,4.264660358428955,2.6754701137542725
320,-0.008854166666666403,0.034843623638153076,1.0521881580352783,4.264638900756836,2.6154520511627197
321,-0.00020529197080262646,0.10176052153110504,1.127741813659668,4.264652252197266,2.585315227508545
322,-0.01718197879858635,0.05923035368323326,2.007831335067749,4.264743328094482,2.826447010040283
323,-0.006676621160409279,0.018154338002204895,1.1198818683624268,4.26487398147583,2.7218644618988037
324,-0.0073093220338980485,-0.11602019518613815,1.2901475429534912,4.265013217926025,2.7858214378356934
325,-0.018050699300699073,-0.02113087847828865,1.2834688425064087,4.265071392059326,2.7509164810180664
326,-0.031268328445747576,-0.019283771514892578,0.9664977788925171,4.26511812210083,2.8250036239624023
327,-0.009156976744185799,0.14829298853874207,0.9183674454689026,4.2651591300964355,2.7380595207214355
328,-0.01890138408304476,0.077934630215168,0.9040670394897461,4.2653045654296875,2.819770097732544
329,0.01345954356846477,-0.038813136518001556,1.7480127811431885,4.26549768447876,2.9029605388641357
330,-0.0073093220338980485,-0.12202678620815277,1.3581910133361816,4.2656569480896,2.725476026535034
331,0.0021241830065362355,-0.10007339715957642,1.0981885194778442,4.265727996826172,2.7010929584503174
332,0.009649122807017872,-0.008597111329436302,1.072214961051941,4.265735149383545,2.7355244159698486
333,0.007388316151203066,0.048832688480615616,1.6471084356307983,4.265745162963867,2.865661859512329
334,0.002028917910448066,-0.1348002552986145,0.9548989534378052,4.2657999992370605,2.7310211658477783
335,0.015313653136531468,-0.012230169028043747,1.0699955224990845,4.265766620635986,2.656210422515869
336,0.013224637681159746,-0.04709329456090927,1.29890775680542,4.2657389640808105,2.883626937866211
337,-0.014550781249999771,0.11415058374404907,1.524888515472412,4.265691757202148,2.7892353534698486
338,0.014051094890511274,-0.00857776403427124,1.3112356662750244,4.2657389640808105,2.7653629779815674
339,0.02164792387543244,0.0359494723379612,1.4046554565429688,4.265785217285156,2.8278050422668457
340,0.08923010380622769,-0.07648971676826477,2.666532516479492,4.2658610343933105,2.752047300338745
341,0.05855627306272985,0.07739834487438202,2.501420497894287,4.265883922576904,2.578077793121338
342,-0.008242449664429262,0.07612045109272003,1.1872482299804688,4.265969753265381,2.7004716396331787
343,0.022923951048951036,0.016324739903211594,1.504150390625,4.266108989715576,2.751220464706421
344,0.07390839041095869,-0.03929709643125534,2.251660108566284,4.266254901885986,2.9004063606262207
345,0.06108247422680364,-0.006690129637718201,1.4920835494995117,4.266368389129639,2.8868978023529053
346,0.013042604501608055,-0.05090441182255745,2.791304111480713,4.266475677490234,2.95896315574646
347,0.08290133779264146,0.065810427069664,4.579223155975342,4.2665486335754395,2.878023624420166
348,0.09646819526627182,-0.04642888903617859,3.026885747909546,4.266669750213623,2.8414697647094727
349,0.0995894160583935,0.009653791785240173,2.6852610111236572,4.266757488250732,2.6400187015533447
350,-0.006156156156155882,0.0899224504828453,4.061603546142578,4.266853332519531,2.740166425704956
351,0.0005284926470591046,0.053497280925512314,2.4861764907836914,4.267012119293213,2.64241623878479
352,-0.030740248226950137,-0.0705619528889656,2.2605292797088623,4.267201900482178,2.744861602783203
353,-0.003719190140844794,0.006591491401195526,2.098869800567627,4.267334461212158,2.683084011077881
354,0.010257056451613126,0.11598870903253555,2.3015236854553223,4.2674689292907715,2.5600128173828125
355,-0.011508899676375162,-0.054629258811473846,1.8164945840835571,4.2676777839660645,2.703653335571289
356,0.001273148148148448,-0.020311977714300156,2.1131515502929688,4.267838001251221,2.766697883605957
357,-0.013514760147601241,-0.04785491153597832,1.963584303855896,4.267979145050049,2.6849777698516846
358,0.021124031007752064,0.027196424081921577,2.978548049926758,4.26808500289917,2.6832966804504395
359,-0.02108585858585836,-0.11241857707500458,2.4091601371765137,4.26820707321167,2.7093160152435303
360,-0.006676621160409286,0.05609197914600372,2.3994693756103516,4.268251895904541,2.8092329502105713
361,0.002796052631579247,-0.03425371274352074,2.4081227779388428,4.268340587615967,2.7224113941192627
362,0.002796052631579233,-0.07432663440704346,2.0540614128112793,4.268406391143799,2.7874865531921387
363,-0.014772727272727043,0.11370730400085449,1.7750970125198364,4.268426895141602,2.6050703525543213
364,0.019731800766283586,-0.07543598115444183,2.4342942237854004,4.2685322761535645,2.697631359100342
365,-0.0019937275985660212,0.033754732459783554,1.757797122001648,4.268585681915283,2.6492762565612793
366,-0.0009284420289852187,0.15329372882843018,1.6340283155441284,4.268667221069336,2.676893711090088
367,0.012525720164609136,-0.09838592261075974,2.13836407661438,4.268852710723877,2.689612627029419
368,-0.003719190140844794,-0.025935769081115723,1.4538456201553345,4.268964767456055,2.658874988555908
369,0.012990702479338903,0.019644739106297493,1.9693942070007324,4.269057750701904,2.7020528316497803
370,0.0005284926470591046,0.0072676800191402435,1.5597175359725952,4.269164562225342,2.645918607711792
371,-0.014461678832116557,-0.033909428864717484,1.3331351280212402,4.269275665283203,2.8506081104278564
372,-0.019458762886597716,-0.01801004633307457,1.177871584892273,4.2693634033203125,2.7673025131225586
373,-0.008854166666666403,-0.13480186462402344,2.215439796447754,4.269440174102783,2.7205467224121094
374,-0.016888297872340197,-0.08059710264205933,1.7149322032928467,4.269429683685303,2.7032084465026855
375,-0.006035223367697329,0.16772189736366272,1.6990985870361328,4.269374847412109,2.688889265060425
376,-0.022648514851484926,0.051813993602991104,1.5165294408798218,4.2694478034973145,2.7163753509521484
377,0.004865771812080859,0.055862218141555786,1.5663243532180786,4.269559383392334,2.7294232845306396
378,-0.014013364779873977,-0.005681728944182396,1.439687728881836,4.269707202911377,2.7026560306549072
379,0.009375000000000244,0.0347437709569931,1.7039791345596313,4.269845485687256,2.673619508743286
380,-0.00945778145695339,0.014033447951078415,1.5638325214385986,4.270003795623779,2.8060014247894287
381,-0.012917993630573008,0.02457273378968239,1.497583270072937,4.270164489746094,2.865870952606201
382,-0.015605709876542992,-0.061369359493255615,1.4941374063491821,4.270336627960205,2.9042065143585205
383,0.007388316151203066,0.16325190663337708,1.5609538555145264,4.270461559295654,2.7411487102508545
384,-0.010053453947368183,-0.10988916456699371,1.3625307083129883,4.270691394805908,2.8788528442382812
385,-0.013194444444444219,0.111127570271492,1.0576213598251343,4.2708353996276855,2.783813953399658
386,-0.008242449664429255,0.13194377720355988,1.6572110652923584,4.271046161651611,2.8636600971221924
387,-0.0023437499999997185,-0.0703803151845932,1.5076420307159424,4.271335124969482,2.81866192817688
388,-0.0361723856209148,-0.09973140805959702,2.094538450241089,4.271557331085205,2.8882176876068115
389,0.007020547945205799,-0.03972841054201126,1.4855543375015259,4.271701335906982,2.819840669631958
390,-0.020819256756756527,-0.06177356466650963,1.5598243474960327,4.271813869476318,2.6777713298797607
391,-0.014148351648351438,0.08756737411022186,1.8365540504455566,4.271884441375732,2.646944522857666
392,0.017860991379310166,-0.1373007893562317,2.421383857727051,4.272016525268555,2.621213674545288
393,-0.019181034482758402,0.08350707590579987,1.3202378749847412,4.272053241729736,2.7140843868255615
394,-0.02108585858585836,-0.03255888819694519,1.2999598979949951,4.272152423858643,2.654599189758301
395,-0.020971820809248323,0.08100081235170364,1.2111754417419434,4.27223014831543,2.863846778869629
396,-0.008854166666666403,-0.08637185394763947,1.3062176704406738,4.272364139556885,2.716747522354126
397,-0.009156976744185799,-0.06467687338590622,1.3180701732635498,4.272437572479248,2.8496155738830566
398,0.000899446494465196,0.03324015066027641,1.6992805004119873,4.2724690437316895,2.7115604877471924
399,-0.014816978193146197,-0.003808896988630295,1.1358838081359863,4.272531509399414,2.8203012943267822
400,0.0016496282527884041,0.05006711184978485,1.262004017829895,4.272594928741455,2.6631088256835938
401,-0.006357020547944938,0.023754078894853592,1.3154412508010864,4.272697448730469,2.7148897647857666
402,-0.010348360655737455,0.12020634859800339,1.078871250152588,4.272815227508545,2.7439990043640137
403,-0.007361660079051165,0.07294950634241104,1.6911693811416626,4.273012161254883,2.6335723400115967
404,0.02303149606299225,0.011329777538776398,1.2989704608917236,4.273250102996826,2.5810227394104004
405,-0.015692446043165248,0.029116453602910042,1.3229883909225464,4.27347993850708,2.688335418701172
406,0.005574324324324528,0.039724431931972504,1.2576273679733276,4.273717880249023,2.5638680458068848
407,0.004365458015267399,0.0787946879863739,1.6328303813934326,4.273967266082764,2.657621383666992
408,-0.015388086642599058,-0.03925316408276558,1.5671634674072266,4.274254322052002,2.65438175201416
409,-0.002691281138789753,-0.058659739792346954,1.4313400983810425,4.274498462677002,2.658917188644409
410,0.005218855218855527,0.03976051136851311,1.3819613456726074,4.274688720703125,2.7589454650878906
411,-0.007726377952755672,-0.007051402702927589,1.5738481283187866,4.274896621704102,2.585134744644165
412,-0.0030363475177302285,0.006383448839187622,1.5015321969985962,4.275089740753174,2.6773853302001953
413,-0.031469298245613814,-0.05697982758283615,0.8932808637619019,4.275278568267822,2.6756725311279297
414,0.004865771812080831,-0.11493454873561859,1.4133204221725464,4.275420665740967,2.6776177883148193
415,-0.020008532423207964,0.07456295937299728,1.4668012857437134,4.275479793548584,2.6757233142852783
416,-0.014772727272727043,-0.1516806185245514,1.3735487461090088,4.275594234466553,2.5828216075897217
417,-0.007726377952755644,0.02380865067243576,1.4605066776275635,4.275604724884033,2.6580796241760254
418,-0.02213455149501639,0.05888531729578972,1.3051636219024658,4.275642395019531,2.673887252807617
419,-0.004336734693877394,-0.0055121928453445435,2.151381254196167,4.275725841522217,2.624786853790283
420,-0.01718197879858635,0.07568927109241486,1.764047622680664,4.275806903839111,2.7400574684143066
421,-0.014282915360501344,0.1313205063343048,1.8072123527526855,4.275943279266357,2.798790693283081
422,-0.042891081871344806,-0.05786044895648956,1.7564888000488281,4.276162624359131,2.914271116256714
423,-0.012359775641025401,-0.06692230701446533,1.740077257156372,4.276331424713135,2.7811126708984375
424,-0.004725609756097295,0.057787761092185974,1.501354694366455,4.276449203491211,2.683009147644043
425,-0.031227992957746253,0.08880317211151123,1.6629178524017334,4.276603698730469,2.6436495780944824
426,-0.033226495726495504,0.13221687078475952,1.4760761260986328,4.276813507080078,2.9016194343566895
427,-0.034458892617449444,0.023552432656288147,1.496761441230774,4.277100086212158,2.6592366695404053
428,-0.02187499999999977,0.0007924716919660568,1.4141932725906372,4.277381420135498,2.7045836448669434
429,-0.010201149425287163,-0.03256098926067352,1.3545470237731934,4.277645587921143,2.6444520950317383
430,-0.000568181818181536,-4.6174973249435425e-05,1.657752513885498,4.277872085571289,2.657758951187134
431,-0.008242449664429262,0.04235823452472687,1.4327943325042725,4.278087139129639,2.760993480682373
432,0.0012731481481481357,0.04213476926088333,1.67897367477417,4.278316974639893,2.6414055824279785
433,-0.005056423611110841,0.023363541811704636,1.2903268337249756,4.278563976287842,2.7816293239593506
434,-0.005711206896551452,-0.054912637919187546,1.195702314376831,4.278811931610107,2.8610877990722656
435,-0.005056423611110848,-0.02889079600572586,1.2963650226593018,4.279008388519287,2.7212514877319336
436,-0.006357020547944938,-0.020791400223970413,1.4058191776275635,4.279176235198975,2.660665512084961
437,-0.0009284420289852187,-0.05846397578716278,1.437790036201477,4.279324054718018,2.66512131690979
438,-0.010348360655737455,0.13076066970825195,1.5987701416015625,4.279428958892822,2.849748134613037
439,-0.0030363475177302493,-0.02001607045531273,2.0964579582214355,4.279621124267578,2.738839626312256
440,0.01927480916030553,-0.04785902798175812,1.8827470541000366,4.279790878295898,2.768120765686035
441,0.020457048458149496,-0.13216108083724976,1.8830432891845703,4.2799224853515625,2.576547622680664
442,0.010815602836879752,0.0028307288885116577,1.2150025367736816,4.279960632324219,2.726092576980591
443,-0.010932410423452525,-0.009723274037241936,1.3820708990097046,4.2800068855285645,2.669682264328003
444,-0.01599462365591376,0.15404012799263,1.5995821952819824,4.2800517082214355,2.72865891456604
445,0.010424028268551568,-0.025548048317432404,1.6238409280776978,4.280204772949219,2.686896800994873
446,-0.0033789752650173906,-0.053511183708906174,1.1356890201568604,4.280336380004883,2.753300428390503
447,-0.015605709876542992,-0.09543424844741821,1.3780704736709595,4.280429363250732,2.695993661880493
448,0.002796052631579233,-0.09051106870174408,1.5346698760986328,4.280458927154541,2.7581348419189453
449,-0.0067164179104475,0.06615984439849854,1.0659422874450684,4.280436038970947,2.8159375190734863
450,-0.0027489626556015598,0.058512281626462936,1.2945364713668823,4.280471324920654,2.555363655090332
451,-0.018050699300699073,-0.08529186248779297,1.275299310684204,4.280551433563232,2.621485948562622
452,-0.01054389312977078,0.009946383535861969,2.0781478881835938,4.280572891235352,2.6386301517486572
453,-0.015081521739130205,0.08813450485467911,1.222243070602417,4.28061056137085,2.682879686355591
454,0.009265734265734597,0.006166547536849976,1.4073694944381714,4.28071403503418,2.7286882400512695
455,-0.003944672131147413,-0.04806020110845566,1.68531334400177,4.28082275390625,2.608508348464966
456,-0.0073093220338980485,-0.03968182951211929,1.077270746231079,4.280897617340088,2.6253671646118164
457,-0.013514760147601241,-0.06489042192697525,1.1410093307495117,4.280949115753174,2.7078914642333984
458,-0.009156976744185799,0.028345894068479538,1.257448673248291,4.28096342086792,2.6980302333831787
459,-0.006035223367697329,0.023695804178714752,1.2707768678665161,4.281003952026367,2.810014009475708
460,-0.015605709876542992,-0.04930400848388672,1.2486246824264526,4.281066417694092,2.8662326335906982
461,0.01488970588235328,0.007432382553815842,1.624682903289795,4.281100749969482,2.7184317111968994
462,-0.04238569321533901,-0.041909679770469666,1.1367311477661133,4.281147480010986,2.89087176322937
463,0.005218855218855527,-0.03986857086420059,1.974837303161621,4.281171798706055,2.921588659286499
464,0.002796052631579233,0.02515576221048832,1.643977403640747,4.2811760902404785,2.991276979446411
465,-0.02161371237458172,-0.018677253276109695,1.338050365447998,4.281206130981445,2.988692045211792
466,-0.020819256756756527,0.05713740363717079,1.4881694316864014,4.28123140335083,2.705573558807373
467,0.011607142857143192,0.0487530417740345,1.211955189704895,4.281303882598877,2.7421610355377197
468,-0.0002052919708026334,0.007232671603560448,1.413808822631836,4.281412601470947,2.7917299270629883
469,-0.012077974276527095,-0.09240777045488358,1.0833730697631836,4.281525135040283,2.8055105209350586
470,-0.006676621160409286,0.019702963531017303,1.2809182405471802,4.281574726104736,2.73964262008667
471,0.014468864468864808,-0.0658055990934372,1.3987902402877808,4.281643390655518,2.764281749725342
472,-0.0009284420289852534,0.06483905762434006,1.1576604843139648,4.281671047210693,2.829427719116211
473,-0.005384948096885544,-0.05988387390971184,1.4740879535675049,4.281749725341797,2.737978219985962
474,0.0008994464944651266,-0.09864787012338638,1.289237141609192,4.2817912101745605,2.661682367324829
475,0.0035748106060609027,-0.01873278245329857,1.4602251052856445,4.281770706176758,2.6735217571258545
476,0.008939243027888549,0.022635333240032196,1.2581942081451416,4.281750202178955,2.8096845149993896
477,-0.012917993630573008,-0.0642172247171402,1.0377085208892822,4.28175687789917,2.767742872238159
478,-0.0073093220338980485,-0.059649351984262466,1.3395260572433472,4.281729221343994,2.701669216156006
479,-0.01918103448275841,0.07769107818603516,1.2071770429611206,4.281674861907959,2.725158452987671
480,0.0005284926470591046,-0.02157050371170044,1.5977253913879395,4.281688213348389,2.724297285079956
481,0.0024590163934429237,0.12324093282222748,1.2544654607772827,4.281696319580078,2.8216209411621094
482,-0.012077974276527095,-0.051418669521808624,1.190100073814392,4.281798839569092,2.7915358543395996
483,-0.031469298245613814,-0.021682150661945343,1.448410153388977,4.28186559677124,2.7338690757751465
484,0.01641142384105996,-0.08143847435712814,1.5792853832244873,4.28192138671875,2.8891007900238037
485,-0.01861979166666644,-0.004822045564651489,1.8218698501586914,4.281924724578857,2.741422414779663
486,-0.007933501683501425,0.035058144479990005,1.5018738508224487,4.281935214996338,2.8052029609680176
487,-0.016592526690391234,-0.09839574992656708,1.281722903251648,4.281978130340576,2.9410462379455566
488,-0.026757812499999777,0.016607411205768585,1.3682154417037964,4.2819600105285645,2.9954264163970947
489,-0.016592526690391234,0.033713314682245255,1.2440152168273926,4.281966686248779,2.8343236446380615
490,-0.028761398176291565,0.08105465769767761,1.1336777210235596,4.282002925872803,2.9958202838897705
491,-0.009156976744185799,-0.05777054280042648,1.3856149911880493,4.282101154327393,2.809403657913208
492,-0.019734589041095665,0.1261337399482727,1.6496690511703491,4.282161712646484,2.823230028152466
493,-0.006994047619047368,0.0007962286472320557,1.720865249633789,4.282310962677002,2.920466899871826
494,-0.0009284420289852187,-0.05659763142466545,1.4520244598388672,4.28245735168457,2.8498668670654297
495,-0.010932410423452525,0.041974205523729324,1.1199761629104614,4.282561779022217,2.799426794052124
496,-0.015081521739130205,-0.08646842837333679,1.1810328960418701,4.282693386077881,2.9782400131225586
497,-0.010884030418250699,0.022868908941745758,1.5087449550628662,4.282764434814453,2.697617769241333
498,-0.015388086642599058,-0.011439593508839607,1.4504550695419312,4.282854080200195,2.6454741954803467
499,-0.026017992424242194,0.018856529146432877,0.9987350702285767,4.2829365730285645,2.6095051765441895
